Hours,Formate Concentration (mM)
0,1.078353333
0,1.010652333
0,1.281456333
48,8.164391333
48,9.653813333
48,12.58752333
