Culture,Hours,Formate Concentration (mM)
DNF00809,0,8.164391333
DNF00809,0,9.653813333
DNF00809,0,12.58752333
DNF00809,120,1.010652333
DNF00809,120,5.162980333
DNF00809,120,5.230681333
Mock-Inoculated,0,8.164391333
Mock-Inoculated,0,9.653813333
Mock-Inoculated,0,12.58752333
Mock-Inoculated,120,8.863968333
Mock-Inoculated,120,9.067071333
Mock-Inoculated,120,9.653813333
