Isolate,Polyamines (uM)
DSM19965,4059.073328
DSM19965,3537.720802
DSM19965,3895.589936
DSM15829,-2.591229797
DSM15829,13.97364329
DSM15829,14.01351729
"DSM19965+
DSM15829",7776.326807
"DSM19965+
DSM15829",8023.545596
"DSM19965+
DSM15829",7789.285857
DNF00528,1.387415766
Media,0.20913912
